"","generated_uid","Cit","neg_log_q","log2foldchange","Annotated_Sequence"
"1",1,1,1.62707013616613,19.7565188858888,"RRMFGGPGTASRPSSS"
"2",2,1,4.29422890425292,25.0072449380558,"RRMFGGPGTASRPSSS"
"3",12,1,7.84548280695235,23.1148718520615,"SLADAINTEFKNTRTNEKV"
"4",22,1,2.32989832844228,10.2470162602741,"ADAINTEFKNTRTNE"
"5",24,1,9.42386174142457,25.8810072669369,"ADAINTEFKNTRTNEK"
"6",26,1,3.59014509622072,5.33748079238682,"ADAINTEFKNTRTNEKV"
"7",28,1,3.96295878886456,4.41703607943629,"ADAINTEFKNTRTNEKVE"
"8",34,1,3.74861878381155,2.93909304130824,"ELQELNDRFANYIDKV"
"9",35,0,3.08525905614983,3.35196277393985,"ELQELNDRFANYIDKV"
"10",38,1,4.26302901737718,2.52623635912726,"LQELNDRFANYIDKV"
"11",40,1,4.77585292898795,2.82643774027534,"QELNDRFANYIDKV"
"12",42,0,3.26933538404065,2.90928123417553,"QELNDRFANYIDKVRF"
"13",43,1,9.29137377115243,21.0860495646862,"QELNDRFANYIDKVRF"
"14",44,0,9.42386174142457,22.4578422648303,"QELNDRFANYIDKVRFL"
"15",46,1,5.00337326620271,3.17760962006755,"ELNDRFANYIDKV"
"16",48,1,5.33244217536379,4.71786609085574,"LNDRFANYIDKV"
"17",50,1,2.41382248528553,16.3348031536127,"NDRFANYIDKV"
"18",51,0,1.38583678078516,1.01296465544486,"NDRFANYIDKVRF"
"19",52,1,9.34809456036405,22.9150413528051,"NDRFANYIDKVRF"
"20",53,1,9.07221821084799,21.8713545707784,"NDRFANYIDKVRFL"
"21",54,0,3.65799475799453,3.12472699947029,"NDRFANYIDKVRFL"
"22",55,0,1.84765917496174,4.53909134913146,"ANYIDKVRFLEQQNKI"
"23",62,0,4.48883684182597,2.53671133951343,"GDLYEEEMRELRRQ"
"24",63,0,3.44453652976684,2.98413854046131,"GDLYEEEMRELRRQV"
"25",70,0,3.48850371667842,4.58147750641403,"RELRRQVDQLTNDKARVEVERD"
"26",73,0,2.09961089250645,1.65994811430223,"RRQVDQLTNDKARVEVERD"
"27",75,0,1.69751267728625,1.43778723474449,"RRQVDQLTNDKARVEVERDNL"
"28",76,0,3.67125287939891,2.93729307164551,"RRQVDQLTNDKARVEVERDNLA"
"29",78,0,1.39076248290794,1.22292795405406,"RQVDQLTNDKARVEVE"
"30",79,0,1.82810677026912,2.23614544096669,"RQVDQLTNDKARVEVERD"
"31",84,0,2.23553317398931,8.50326465271935,"TNDKARVEVERDNLAEDIMRL"
"32",86,0,8.63969385770425,23.3390280739079,"NDKARVEVERDNLAEDIMRL"
"33",88,0,1.35705303964007,4.84135626688317,"KARVEVERDNLAEDIMRL"
"34",91,0,3.74861878381155,1.92545141651556,"RVEVERDNLAEDIMRL"
"35",96,1,10.3269794073707,22.3724699200925,"EVERDNLAEDIMRL"
"36",97,1,8.7272668048236,22.1514761219134,"EVERDNLAEDIMRL"
"37",98,0,3.83921165079112,2.39991470435497,"EVERDNLAEDIMRLRE"
"38",99,1,2.37508219199103,2.6000719735609,"EVERDNLAEDIMRLRE"
"39",103,0,1.35447845192094,1.50207906634368,"ERDNLAEDIMRL"
"40",106,0,3.04443431064692,1.75554801064476,"ERDNLAEDIMRLRE"
"41",109,0,4.30047603640318,1.91351248836528,"RDNLAEDIMRLRE"
"42",127,0,1.43768722933384,5.28861987177937,"SFRQDVDNASLARLDLE"
"43",128,0,1.63443588190673,2.18432770902316,"SFRQDVDNASLARLDLERKV"
"44",132,0,3.54264271292424,1.73980839648503,"RQDVDNASLARLDLE"
"45",133,0,3.37354187665672,2.23182858155049,"RQDVDNASLARLDLER"
"46",134,0,2.91112884402742,1.88496183502865,"RQDVDNASLARLDLERK"
"47",135,0,2.10177347398945,1.25781579374555,"RQDVDNASLARLDLERKV"
"48",136,0,3.64182922263994,2.77886184237165,"RQDVDNASLARLDLERKVE"
"49",137,0,3.73301048544051,3.39691403079136,"RQDVDNASLARLDLERKVESL"
"50",139,0,2.19083860673848,1.21151977200474,"QDVDNASLARLDLERKV"
"51",143,0,3.84831162659454,2.3214925672693,"ESLQEEIAFLKKL"
"52",144,0,3.31608443350164,1.51661982638212,"ESLQEEIAFLKKLHEE"
"53",148,0,2.27005543178639,1.25017781678161,"QEEIAFLKKLHE"
"54",149,0,2.36989671046212,1.54108929267528,"QEEIAFLKKLHEE"
"55",150,0,3.37354187665672,2.17941240329868,"QEEIAFLKKLHEEE"
"56",151,0,2.87731827282821,1.88758997650439,"QEEIAFLKKLHEEEI"
"57",152,0,1.41273656235432,5.59585823395426,"QEEIAFLKKLHEEEIQ"
"58",153,0,5.17242281287857,6.09761891497305,"QEEIAFLKKLHEEEIQEL"
"59",155,0,1.49185306935179,1.09875161757395,"EIAFLKKLHEE"
"60",162,0,4.98578510090957,2.42447782835713,"QAQIQEQHVQIDVD"
"61",163,0,4.05562994216968,4.58741818854625,"QAQIQEQHVQIDVDV"
"62",164,0,1.62739700590055,19.8084344462722,"QAQIQEQHVQIDVDVSKP"
"63",165,0,4.59863729870472,9.33755210398136,"QAQIQEQHVQIDVDVSKPDL"
"64",167,0,4.60868762323099,2.47497389547794,"AQIQEQHVQIDVD"
"65",169,0,10.8787898695908,26.4559061868515,"AQIQEQHVQIDVDVSKPDL"
"66",170,0,2.55757685639754,1.66233572635319,"QIQEQHVQIDVD"
"67",172,0,8.17491345045361,23.1485492743071,"QEQHVQIDVDVSKP"
"68",173,0,5.71189612558641,5.7607064962315,"QEQHVQIDVDVSKPDL"
"69",174,0,7.4300562958162,20.5641506968173,"QEQHVQIDVDVSKPDLT"
"70",175,0,1.35705303964007,8.13904273890663,"EQHVQIDVDVSKPDL"
"71",177,0,6.09830573642065,4.4916350037161,"QHVQIDVDVSKPDL"
"72",178,0,2.21836801288912,8.43893204149576,"HVQIDVDVSKP"
"73",179,0,5.3795162384988,3.09278697441083,"HVQIDVDVSKPDL"
"74",181,0,5.17805575454829,2.3991756610513,"VQIDVDVSKPDLT"
"75",183,0,2.95908093794185,1.26177222175441,"QIDVDVSKPDLT"
"76",184,0,3.75938455158857,1.29102049518467,"QIDVDVSKPDLTA"
"77",185,0,3.9721803066737,1.76317507182787,"QIDVDVSKPDLTAAL"
"78",187,1,8.05883464030598,22.9351007382532,"TAALRDVRQQYESV"
"79",188,1,7.84548280695235,20.3130451420321,"TAALRDVRQQYESVAAKNL"
"80",189,1,7.56976416487577,19.4910002077979,"TAALRDVRQQYESVAAKNLQE"
"81",192,1,7.99434185534351,22.2371045205655,"RDVRQQYESVAAKNLQE"
"82",193,0,2.21836801288912,1.93267477908461,"RQQYESVAAKNLQE"
"83",197,0,2.808803033854,1.73164766778261,"QEAEEWYKSKFA"
"84",200,1,7.23098523768369,24.295382003939,"KSKFADLSEAANRN"
"85",202,1,9.57819725634558,25.506598188202,"KSKFADLSEAANRNND"
"86",204,1,2.79836133673932,5.35050487577396,"KSKFADLSEAANRNNDAL"
"87",205,1,2.20009379286845,7.97530761214749,"KSKFADLSEAANRNNDALRQ"
"88",207,1,10.1604816880742,21.464762794856,"KSKFADLSEAANRNNDALRQA"
"89",208,1,10.5935425567587,22.0822786000308,"KSKFADLSEAANRNNDALRQA"
"90",210,1,9.86144372208178,23.268481891704,"SKFADLSEAANRNND"
"91",213,1,7.54010965313929,23.4378094942908,"SKFADLSEAANRNNDAL"
"92",214,1,1.62739700590055,19.7688981317698,"SKFADLSEAANRNNDALRQ"
"93",218,1,10.4493063667211,24.2382453310752,"KFADLSEAANRNNDAL"
"94",220,1,8.80876889988428,20.0157825187174,"ADLSEAANRNNDALRQ"
"95",228,0,10.4112505134067,20.0685238467721,"EENFAVEAANYQDTIGRLQD"
"96",230,0,2.42292628608004,1.58201502082828,"AVEAANYQDTIGRLQD"
"97",231,1,3.37567405693007,2.6046468697564,"AVEAANYQDTIGRLQD"
"98",236,0,10.4493063667211,19.8569787117087,"EAANYQDTIGRLQDEIQNMKE"
"99",245,0,3.37354187665672,1.97541334181857,"QDEIQNMKEEMARHLREY"
"100",247,0,8.57843372380587,21.8271728598074,"QDEIQNMKEEMARHLREY"
"101",250,0,4.50025563714627,3.50023796915934,"KMALDIEIATYRKL"
"102",251,0,4.09887843655192,6.91493431099865,"KMALDIEIATYRKL"
"103",252,0,4.53417196880852,2.55776760084248,"LMXALDIEIATYRKL"
"104",253,0,3.75104357419485,1.89634559348056,"ASLDIEIATYRKL"
"105",254,1,9.63371650524743,23.3877848569696,"ASLDIEIATYRKL"
"106",256,1,8.23856669340292,21.221305505463,"LDIEIATYRKL"
"107",259,1,11.7796192378322,20.1983613679294,"LEGEESRISLPLPNFS"
"108",260,1,11.7796192378322,19.6641894168058,"EGEESRISLPLPNFS"
"109",261,0,4.26694035356927,4.78781041274647,"SLPLPNFSSLNLREG"
"110",262,1,7.75679667764236,22.9715698101867,"NLRETNLDSLPLVDTHSKR"
"111",263,1,7.71695242774063,22.2874364764868,"NLRETNLDSLPLVDTHSKRT"
"112",271,1,3.84180115373614,8.73721493576925,"RETNLDSLPLVDTHSKRT"
"113",273,1,8.38221171327086,26.1644910426506,"RETNLDSLPLVDTHSKRTL"
"114",278,1,10.4372928908962,27.6555332769838,"ETNLDSLPLVDTHSKRT"
"115",280,1,8.68541337951024,22.0703378918774,"ETNLDSLPLVDTHSKRTL"
"116",283,1,10.5013126260215,22.4943547489249,"TNLDSLPLVDTHSKRT"
"117",286,1,8.55561700111319,25.6336408210875,"NLDSLPLVDTHSKRT"
"118",291,1,10.7769005695065,29.4288293540626,"LDSLPLVDTHSKRT"
"119",294,1,10.9705698602501,32.6110645526002,"DSLPLVDTHSKRT"
"120",299,1,2.16363156446252,9.40045068737506,"SLPLVDTHSKRT"
"121",303,1,11.1196746981894,29.6292056881798,"LPLVDTHSKRT"
"122",305,1,2.10177347398945,7.31551685467551,"PLVDTHSKRT"
"123",306,1,10.2302741272019,27.3415992114625,"LLIKTVETRDGQVINE"
"124",308,1,9.66242964191612,29.891007132861,"LIKTVETRDGQVINE"
"125",310,1,9.27461675078086,25.0440917525979,"LIKTVETRDGQVINET"
"126",311,1,8.80876889988428,27.1735807108218,"IKTVETRDGQVINE"
"127",312,1,6.05766164465507,23.9730694702631,"IKTVETRDGQVINET"
"128",316,1,7.26537964140886,6.21349043652789,"KTVETRDGQVINET"
"129",317,1,9.57819725634558,22.7219236710138,"KTVETRDGQVINETSQHHD"
"130",320,1,8.76141917473539,28.1930374251959,"KTVETRDGQVINETSQHHDDL"
"131",322,1,9.64590392870805,22.4721541283769,"KTVETRDGQVINETSQHHDDLE"
"132",324,1,8.58771942582259,20.7900128501246,"TVETRDGQVINETSQHHD"
"133",325,1,6.99331194423872,25.1023914541248,"TVETRDGQVINETSQHHDDL"
"134",326,0,10.6916197630536,22.8980488037673,"TVETRDGQVINETSQHHDDL"
"135",327,1,10.7769005695065,23.9406014168031,"ETRDGQVINETSQHHD"
"136",328,1,10.2313248910314,20.8097104379648,"ETRDGQVINETSQHHDD"
"137",329,1,6.48093122193225,6.18040424886548,"ETRDGQVINETSQHHDDL"
"138",331,1,13.2098186051152,26.7356286393123,"ETRDGQVINETSQHHDDLE"
"139",333,1,1.35406148561966,4.67979480804516,"ETRDGQVINETSQHHDDLE"
